{
  "completed": true,
  "label": "baseline_sigma0",
  "sigma_KO": 0.0,
  "times": [
    0.0,
    10.000000000000007,
    20.00000000000015,
    30.00000000000029,
    39.999999999999865,
    49.9999999999993,
    59.99999999999873,
    69.99999999999817,
    79.9999999999976,
    89.99999999999703,
    99.99999999999646,
    109.9999999999959,
    119.99999999999532,
    129.9999999999953,
    139.99999999999758,
    149.99999999999986,
    160.00000000000213,
    170.0000000000044,
    180.00000000000668,
    190.00000000000895,
    200.00000000001123,
    210.0000000000135,
    220.00000000001577,
    230.00000000001805,
    240.00000000002032,
    250.0000000000226,
    260.00000000002484,
    270.0000000000271,
    280.0000000000294,
    290.00000000003166,
    300.00000000003394,
    310.0000000000362,
    320.0000000000385,
    330.00000000004076,
    340.00000000004303,
    350.0000000000453,
    360.0000000000476,
    370.00000000004985,
    380.0000000000521,
    390.0000000000544,
    400.0000000000567,
    410.00000000005895,
    420.0000000000612,
    430.0000000000635,
    440.00000000006577,
    450.00000000006804,
    460.0000000000703,
    470.0000000000726,
    480.00000000007486,
    490.00000000007714,
    500.0000000000794,
    510.0000000000817,
    520.0000000000748,
    530.0000000000657,
    540.0000000000566,
    550.0000000000475,
    560.0000000000384,
    570.0000000000293,
    580.0000000000202,
    590.0000000000111,
    600.000000000002,
    609.999999999993,
    619.9999999999839,
    629.9999999999748,
    639.9999999999657,
    649.9999999999566,
    659.9999999999475,
    669.9999999999384,
    679.9999999999293,
    689.9999999999202,
    699.9999999999111,
    709.999999999902,
    719.9999999998929,
    729.9999999998838,
    739.9999999998747,
    749.9999999998656,
    759.9999999998565,
    769.9999999998474,
    779.9999999998383,
    789.9999999998292,
    799.9999999998201,
    809.999999999811,
    819.999999999802,
    829.9999999997929,
    839.9999999997838,
    849.9999999997747,
    859.9999999997656,
    869.9999999997565,
    879.9999999997474,
    889.9999999997383,
    899.9999999997292,
    909.9999999997201,
    919.999999999711,
    929.9999999997019,
    939.9999999996928,
    949.9999999996837,
    959.9999999996746,
    969.9999999996655,
    979.9999999996564,
    989.9999999996473,
    999.9999999996382
  ],
  "E_single": [
    13.461782355144003,
    13.461781060292907,
    13.461779755939236,
    13.461778450672167,
    13.46177714522647,
    13.461775839735335,
    13.461774534230734,
    13.461773228724269,
    13.46177192321843,
    13.461770617716013,
    13.46176931222081,
    13.461768006707171,
    13.461766701202517,
    13.46176539573339,
    13.461764090186627,
    13.461762784622337,
    13.461761479204505,
    13.461760173726317,
    13.46175886816126,
    13.461757562606675,
    13.461756257023056,
    13.461754951467176,
    13.46175364594801,
    13.461752340521075,
    13.461751035060963,
    13.461749729534315,
    13.461748423895143,
    13.461747118259783,
    13.4617458126153,
    13.461744506968284,
    13.461743201342454,
    13.461741895753839,
    13.46174059012382,
    13.461739284468537,
    13.461737978829479,
    13.46173667318945,
    13.461735367535073,
    13.46173406188316,
    13.46173275623742,
    13.461731450558979,
    13.461730144890293,
    13.461728839268082,
    13.461727533171466,
    13.46172622764136,
    13.461724922959919,
    13.461723617586994,
    13.461722312294544,
    13.461721006940778,
    13.461719701057492,
    13.461718395342778,
    13.461717089518439,
    13.461715783622374,
    13.461714477732622,
    13.461713171832884,
    13.46171186591474,
    13.461710560003345,
    13.461709254096242,
    13.461707948190298,
    13.461706642279232,
    13.461705336371484,
    13.461704030474735,
    13.461702724556798,
    13.46170141864144,
    13.461700112719612,
    13.461698806795859,
    13.461697500897492,
    13.461696195047818,
    13.46169488916535,
    13.461693583260981,
    13.461692277358031,
    13.461690971418317,
    13.461689665509164,
    13.461688359583581,
    13.461687053677363,
    13.461685747768147,
    13.461684441842245,
    13.461683135934615,
    13.461681830004537,
    13.461680524089143,
    13.461679218165052,
    13.461677912246866,
    13.46167660628787,
    13.46167530040872,
    13.461673994453548,
    13.461672688630822,
    13.461671382679963,
    13.461670077019269,
    13.461668771147556,
    13.461667465503,
    13.461666159659487,
    13.461664853902345,
    13.461663547962392,
    13.461662241999584,
    13.461660936138339,
    13.461659630174655,
    13.46165832421326,
    13.461657018227264,
    13.46165571228242,
    13.461654406320259,
    13.46165310033923,
    13.461651794352589
  ],
  "max_amplitude": [
    0.5,
    0.11554902474578237,
    0.08639978974531845,
    0.04366611734016113,
    0.027116667691685116,
    0.020859888869682874,
    0.021718739692512947,
    0.02653128604327471,
    0.034858953140499395,
    0.03454198618515811,
    0.03747260083143656,
    0.04013660284589487,
    0.044859427389199895,
    0.03047325233381669,
    0.05032801512813127,
    0.060986079393941274,
    0.06006499971737847,
    0.03483324578850165,
    0.036501525851786246,
    0.0422565030318259,
    0.04658233660762499,
    0.07722017479817382,
    0.09727282794109349,
    0.11214561303630884,
    0.06684860412337708,
    0.050276347344389016,
    0.040671853339381905,
    0.03418306728437469,
    0.031310307037522245,
    0.04643255116043922,
    0.053687730716985335,
    0.06100792561008546,
    0.04057435947075721,
    0.036202285231911324,
    0.043981310620466,
    0.05335166102355961,
    0.048307002182625285,
    0.03464728767218354,
    0.029078797400553746,
    0.05119585613230651,
    0.0874238753852095,
    0.06496209123677231,
    0.09986123763549389,
    0.19565164406568308,
    0.04432373919134753,
    0.2010191666462016,
    0.09814382943436725,
    0.031314328545252124,
    0.11123351376078135,
    0.13665426514281245,
    0.11172980305686137,
    0.11081427166608455,
    0.06381312385903708,
    0.027864069953409815,
    0.04461931983293833,
    0.061648024254848846,
    0.05948288395458422,
    0.041757177652331556,
    0.03541478173283367,
    0.042102382903104654,
    0.0493906554522573,
    0.04096607207810978,
    0.04828767400070584,
    0.0708435310436952,
    0.06877761863322167,
    0.06737561668462631,
    0.057741783738357456,
    0.05980348744025393,
    0.047278557829440314,
    0.05592175892024334,
    0.047616261355820456,
    0.06031253361632355,
    0.043698597719469975,
    0.051110424611356245,
    0.04861197827453617,
    0.06499314610409085,
    0.040556919937591085,
    0.0418651372978963,
    0.05643106555757587,
    0.04691422342537141,
    0.03531298344615634,
    0.04073923769330589,
    0.10697550942821263,
    0.06902859207388667,
    0.044019115532346186,
    0.17000051372788746,
    0.055727498825226186,
    0.1235879326284009,
    0.10887235246992881,
    0.12340140132532498,
    0.04234082329600164,
    0.13019942299918597,
    0.07454348438743638,
    0.051150632926685174,
    0.09742108747585698,
    0.10013205538845917,
    0.05991760210697544,
    0.03754161899596332,
    0.028881022218531453,
    0.04572534283102873,
    0.03322552386451651
  ],
  "E0": 13.461782355144003,
  "energy_drift_pct": 0.0009698625930007282,
  "wall_time_seconds": 1817.4554202089785
}